id;username;nama;alamat;password;role1;a;asd;zxc;qwe;dfg0;bebas;my name is;Jl. Ganesha;Mau tau aja;ngadimin
0;bebas;my name is;Jl. Ganesha;Mau tau aja;ngadimin
20;bebas;my name is;Jl. Ganesha;Mau tau aja;ngadimin
20;bebas;my name is;Jl. Ganesha;Mau tau aja;ngadimin
20;bebas;my name is;Jl. Ganesha;Mau tau aja;ngadimin
20;bebas;my name is;Jl. Ganesha;Mau tau aja;ngadimin
20;bebas;my name is;Jl. Ganesha;Mau tau aja;ngadimin
20;bebas;my name is;Jl. Ganesha;Mau tau aja;ngadimin
20;bebas;my name is;Jl. Ganesha;Mau tau aja;ngadimin
20;bebas;my name is;Jl. Ganesha;Mau tau aja;ngadimin
20;bebas;my name is;Jl. Ganesha;Mau tau aja;ngadimin
20;bebas;my name is;Jl. Ganesha;Mau tau aja;ngadimin
20;bebas;my name is;Jl. Ganesha;Mau tau aja;ngadimin
20;bebas;my name is;Jl. Ganesha;Mau tau aja;ngadimin
20;bebas;my name is;Jl. Ganesha;Mau tau aja;ngadimin
20;bebas;my name is;Jl. Ganesha;Mau tau aja;ngadimin
20;bebas;my name is;Jl. Ganesha;Mau tau aja;ngadimin
20;bebas;my name is;Jl. Ganesha;Mau tau aja;ngadimin
20;bebas;my name is;Jl. Ganesha;Mau tau aja;ngadimin
20;bebas;my name is;Jl. Ganesha;Mau tau aja;ngadimin
20;bebas;my name is;Jl. Ganesha;Mau tau aja;ngadimin
20;bebas;my name is;Jl. Ganesha;Mau tau aja;ngadimin20;bebas;my name is;Jl. Ganesha;Mau tau aja;ngadimin
20;bebas;my name is;Jl. Ganesha;Mau tau aja;ngadimin
20;bebas;my name is;Jl. Ganesha;Mau tau aja;ngadimin
20;bebas;my name is;Jl. Ganesha;Mau tau aja;ngadimin
20;bebas;my name is;Jl. Ganesha;Mau tau aja;ngadimin
20;bebas;my name is;Jl. Ganesha;Mau tau aja;ngadimin
20;bebas;my name is;Jl. Ganesha;Mau tau aja;ngadimin
20;bebas;my name is;Jl. Ganesha;Mau tau aja;ngadimin
20;bebas;my name is;Jl. Ganesha;Mau tau aja;ngadimin
20;bebas;my name is;Jl. Ganesha;Mau tau aja;ngadimin
20;bebas;my name is;Jl. Ganesha;Mau tau aja;ngadimin
20;bebas;my name is;Jl. Ganesha;Mau tau aja;ngadimin
20;bebas;my name is;Jl. Ganesha;Mau tau aja;ngadimin
20;bebas;my name is;Jl. Ganesha;Mau tau aja;ngadimin
20;bebas;my name is;Jl. Ganesha;Mau tau aja;ngadimin
20;bebas;my name is;Jl. Ganesha;Mau tau aja;ngadimin
20;bebas;my name is;Jl. Ganesha;Mau tau aja;ngadimin
20;bebas;my name is;Jl. Ganesha;Mau tau aja;ngadimin
20;bebas;my name is;Jl. Ganesha;Mau tau aja;ngadimin
20;bebas;my name is;Jl. Ganesha;Mau tau aja;ngadimin
20;bebas;my name is;Jl. Ganesha;Mau tau aja;ngadimin
20;bebas;my name is;Jl. Ganesha;Mau tau aja;ngadimin
20;bebas;my name is;Jl. Ganesha;Mau tau aja;ngadimin
20;bebas;my name is;Jl. Ganesha;Mau tau aja;ngadimin
20;bebas;my name is;Jl. Ganesha;Mau tau aja;ngadimin
20;bebas;my name is;Jl. Ganesha;Mau tau aja;ngadimin
20;bebas;my name is;Jl. Ganesha;Mau tau aja;ngadimin
20;bebas;my name is;Jl. Ganesha;Mau tau aja;ngadimin
20;bebas;my name is;Jl. Ganesha;Mau tau aja;ngadimin
20;bebas;my name is;Jl. Ganesha;Mau tau aja;ngadimin
20;bebas;my name is;Jl. Ganesha;Mau tau aja;ngadimin
20;bebas;my name is;Jl. Ganesha;Mau tau aja;ngadimin
20;bebas;my name is;Jl. Ganesha;Mau tau aja;ngadimin
20;bebas;my name is;Jl. Ganesha;Mau tau aja;ngadimin
20;bebas;my name is;Jl. Ganesha;Mau tau aja;ngadimin
20;bebas;my name is;Jl. Ganesha;Mau tau aja;ngadimin
20;bebas;my name is;Jl. Ganesha;Mau tau aja;ngadimin
20;bebas;my name is;Jl. Ganesha;Mau tau aja;ngadimin
20;bebas;my name is;Jl. Ganesha;Mau tau aja;ngadimin
20;bebas;my name is;Jl. Ganesha;Mau tau aja;ngadimin
20;bebas;my name is;Jl. Ganesha;Mau tau aja;ngadimin
20;bebas;my name is;Jl. Ganesha;Mau tau aja;ngadimin
20;bebas;my name is;Jl. Ganesha;Mau tau aja;ngadimin
20;bebas;my name is;Jl. Ganesha;Mau tau aja;ngadimin
20;bebas;my name is;Jl. Ganesha;Mau tau aja;ngadimin
20;bebas;my name is;Jl. Ganesha;Mau tau aja;ngadimin
20;bebas;my name is;Jl. Ganesha;Mau tau aja;ngadimin
20;bebas;my name is;Jl. Ganesha;Mau tau aja;ngadimin
20;bebas;my name is;Jl. Ganesha;Mau tau aja;ngadimin
20;bebas;my name is;Jl. Ganesha;Mau tau aja;ngadimin
20;bebas;my name is;Jl. Ganesha;Mau tau aja;ngadimin
20;bebas;my name is;Jl. Ganesha;Mau tau aja;ngadimin
20;bebas;my name is;Jl. Ganesha;Mau tau aja;ngadimin
20;bebas;my name is;Jl. Ganesha;Mau tau aja;ngadimin
20;bebas;my name is;Jl. Ganesha;Mau tau aja;ngadimin
20;bebas;my name is;Jl. Ganesha;Mau tau aja;ngadimin
20;bebas;my name is;Jl. Ganesha;Mau tau aja;ngadimin
20;bebas;my name is;Jl. Ganesha;Mau tau aja;ngadimin
20;bebas;my name is;Jl. Ganesha;Mau tau aja;ngadimin
20;bebas;my name is;Jl. Ganesha;Mau tau aja;ngadimin
20;bebas;my name is;Jl. Ganesha;Mau tau aja;ngadimin
20;bebas;my name is;Jl. Ganesha;Mau tau aja;ngadimin
